<?xml version="1.0" encoding="UTF-8"?>
<beans xmlns="http://www.springframework.org/schema/beans"
	xmlns:xsi="http://www.w3.org/2001/XMLSchema-instance"
	xmlns:context="http://www.springframework.org/schema/context"
	xsi:schemaLocation="http://www.springframework.org/schema/beans http://www.springframework.org/schema/beans/spring-beans-4.0.xsd
		http://www.springframework.org/schema/context http://www.springframework.org/schema/context/spring-context-4.0.xsd">

<context:component-scan base-package="com.test.controller"/>
<context:component-scan base-package="com.person"/>
<!--  db설정 -->
<bean id="ds" class="org.springframework.jndi.JndiObjectFactoryBean">
	<property name="jndiName">
	<value>jdbc/spring</value>
	</property>
	<property name="resourceRef" value="true"/>
</bean>

<!--template   설정 -->
<bean id="template" class="org.springframework.jdbc.core.JdbcTemplate">
<property name="dataSource" ref="ds"/>
</bean>


<bean id="viewResolver" 
 class="org.springframework.web.servlet.view.InternalResourceViewResolver">
	<property name="prefix" value="WEB-INF/jsp/"/>
	<property name="suffix" value=".jsp"/>
</bean>
</beans>
