<?xml version="1.0" encoding="UTF-8"?>
<beans xmlns="http://www.springframework.org/schema/beans"
	xmlns:xsi="http://www.w3.org/2001/XMLSchema-instance"
	xmlns:context="http://www.springframework.org/schema/context"
	xsi:schemaLocation="http://www.springframework.org/schema/beans https://www.springframework.org/schema/beans/spring-beans.xsd
		http://www.springframework.org/schema/context http://www.springframework.org/schema/context/spring-context-4.3.xsd">
	
    <context:component-scan base-package="com.myspring.model"/>

	<!-- Root Context: defines shared resources visible to all other web components -->
		<bean id="ds" class="org.springframework.jdbc.datasource.SimpleDriverDataSource">
		<!-- 	<property name="driverClass" value="com.mysql.jdbc.Driver"/> -->
		    <property name="driverClass" value="com.mysql.cj.jdbc.Driver"/>
			<property name="url" value="jdbc:mysql://localhost:3306/myjspdb?useSSL=false&amp;serverTimezone=Asia/Seoul&amp;characterEncoding=UTF-8"/>
			<property name="username" value="myjspid"/>
			<property name="password" value="myjsppass"/>
		</bean>
		<!--template 설정 -->
		<bean id="template" class="org.springframework.jdbc.core.JdbcTemplate">
		<property name="dataSource" ref="ds"/>
		</bean>
</beans>
