<?xml version="1.0" encoding="UTF-8" ?>
<!DOCTYPE mapper
  PUBLIC "-//mybatis.org//DTD Mapper 3.0//EN"
  "http://mybatis.org/dtd/mybatis-3-mapper.dtd">
  <mapper namespace="com.myguest.mapper.GuestMapper">
  <sql id="search">
  	<where>
 	<if test="word!=null and field =='name'">
 		name like CONCAT ('%',#{word},'%' )
 	</if>
 	<if test="word!=null and field =='content'">
 		content like CONCAT ('%',#{word},'%' )
  	</if>
 	</where>
  </sql>
  
  <select id="list"   resultType="com.myguest.model.GuestDTO">
  select * from guestbook
  <include refid="search"/>
  </select>
  <!--  상세보기 -->
  <select id="findByNum" resultType="com.myguest.model.GuestDTO">
  select * from guestbook where num=#{num}
  </select>
  <!--  개수 -->
  <select id="countGuest" resultType="int">
  	select count(*) from guestbook 
  	<include refid="search"/>
  </select>
  
  </mapper>
  