<?xml version="1.0" encoding="UTF-8" ?>
<!DOCTYPE mapper
 PUBLIC "-//mybatis.org//DTD Mapper 3.0//EN"
 "http://mybatis.org/dtd/mybatis-3-mapper.dtd"> 
 <mapper namespace="com.myspring.Person">
 
 <sql id="search">
 	<where>
 	<if test="word!=null and field =='name'">
 		name like CONCAT ('%',#{word},'%' )
 	</if>
 	<if test="word!=null and field =='job'">
 		job like CONCAT ('%',#{word},'%' )
  	</if>
 	</where>
  </sql>
 <!--  추가 -->
 <insert id="insertPerson" parameterType="com.myspring.vo.PersonVO">
 insert into person values (#{id}, #{name}, #{password}, #{gender}, #{job})
 </insert>
 
 <!-- allPerson (전체보기)-->
<select id="allPerson" resultType="com.myspring.vo.PersonVO">
select * from person
</select>

<!--  전체보기(검색포함) listPerson-->
<select id="listPerson" parameterType="java.util.Map"
   resultType="com.myspring.vo.PersonVO">
select * from person 
<include refid="search"/>
</select>

<!--  allPersonCount(전체 카운트)-->
<select id="allPersonCount" resultType="int">
select count(*) from person
</select>

<!--  countPerson(전체  검색  카운트)-->
<select id="countPerson" resultType="int"
 parameterType="java.util.Map">
select count(*) from person
<include refid="search"/>
</select>

<!-- 상세보기 viewPerson -->
<select id="viewPerson" parameterType="String" 
resultType="com.myspring.vo.PersonVO">
select * from person where id=#{id}
</select>
<!-- 삭제 -->
<delete id="deletePerson" parameterType="String">
delete from person where id=#{id}
</delete>
<!-- 수정 -->
<update id="updatePerson" 
    parameterType="com.myspring.vo.PersonVO" >
update person 
set
 name=#{name}, job = #{job}, 
 password=#{password}, gender =#{gender}
 where id=#{id}
</update>
 </mapper>
 
 
 
 