<?xml version="1.0" encoding="UTF-8" ?>
<!DOCTYPE mapper
  PUBLIC "-//mybatis.org//DTD Mapper 3.0//EN"
  "http://mybatis.org/dtd/mybatis-3-mapper.dtd">
  <mapper namespace="com.myboard.mapper.CommentMapper">
  <insert id="insert">
  insert into commentboard(userid, content, regdate, bnum) 
   values('aa', #{content}, now(), #{bnum})
  </insert>
  
  <!-- 댓글 리스트 -->
  <select id="getList" resultType="com.myboard.dto.CommentDTO">
  select * from commentboard where bnum=#{bnum}
    </select>
    <!-- 댓글삭제 -->
    <delete id="delete">
    delete from commentboard where cnum=#{cnum}
    </delete>
    
    <!-- 댓글조회-->
    <select id="read" 
    resultType="com.myboard.dto.CommentDTO">
    select * from commentboard where cnum=#{cnum}
    </select>
  
  </mapper>
  
  
  