<?xml version="1.0" encoding="UTF-8" ?>
<!DOCTYPE mapper
  PUBLIC "-//mybatis.org//DTD Mapper 3.0//EN"
  "http://mybatis.org/dtd/mybatis-3-mapper.dtd">
  <mapper namespace="com.myboard.mapper.MemberMapper">
 
  <insert id="mInsert">
  insert into 
  springmember(id, pass, name, addr, memo, reg_date)
 values(#{id}, #{pass},#{name},#{addr},#{memo},now())  
  </insert>
  
  <!-- id check  / 상세보기 /   로그인체크 -->
  <select id="mfindById" resultType="com.myboard.dto.MemberDTO">
  select * from springmember where id=#{id}
  </select>
  <!--  탈퇴 -->
  <delete id="mDelete">
  delete from springmember where id=#{id}
  </delete>
  
  <!-- 수정 -->
  <update id="mUpdate">
  update springmember
  set addr=#{addr}, memo=#{memo}, 
  pass=#{pass} 
  where id=#{id}
  </update>
  
  </mapper>
  
  
  