<?xml version="1.0" encoding="UTF-8"?>
<beans xmlns="http://www.springframework.org/schema/beans"
	xmlns:xsi="http://www.w3.org/2001/XMLSchema-instance"
	xmlns:mybatis-spring="http://mybatis.org/schema/mybatis-spring"
	xmlns:context="http://www.springframework.org/schema/context"
	xsi:schemaLocation="http://mybatis.org/schema/mybatis-spring http://mybatis.org/schema/mybatis-spring-1.2.xsd
		http://www.springframework.org/schema/beans https://www.springframework.org/schema/beans/spring-beans.xsd
		http://www.springframework.org/schema/context http://www.springframework.org/schema/context/spring-context-4.3.xsd">
	
	<!-- Root Context: defines shared resources visible to all other web components -->
	<bean id="hikariConfig" class="com.zaxxer.hikari.HikariConfig">
	  <property name="driverClassName" value="com.mysql.cj.jdbc.Driver"/>
	  <property name="jdbcUrl" 
	  value="jdbc:mysql://localhost:3306/myjspdb?useSSL=false&amp;serverTimezone=Asia/Seoul&amp;characterEncoding=UTF-8"/>
	  <property name="username" value="myjspid"/>
	  <property name="password" value="myjsppass"/>
	</bean>
	
	<bean id="dataSource" class="com.zaxxer.hikari.HikariDataSource"  destroy-method="close">
	  <constructor-arg ref="hikariConfig"/>
	</bean>
	
	<!--SqlSessionFactoryBean  -->
	<bean id="sqlSessionFactoryBean" class="org.mybatis.spring.SqlSessionFactoryBean">
			<property name="dataSource" ref="dataSource"/>
	</bean>
	<mybatis-spring:scan base-package="com.myguest.mapper"/>
	<context:component-scan base-package="com.myguest.model"/>
	
	
		
</beans>





